British name,IOC World Bird List international English name,Scientific name,Category,Codes,† BBRC species,‡ BBRC subspecies,Thumbnail,Images,Description
Capercaillie,Western Capercaillie,Tetrao urogallus,C3E*,,,,,,
Black Grouse,,Lyrurus tetrix,AE,,,,,,
Ptarmigan,Rock Ptarmigan,Lagopus muta,A,,,,,,
Red Grouse,Willow Ptarmigan,Lagopus lagopus,A,,,,,,
Red-legged Partridge,,Alectoris rufa,C1E*,,,,,,
Grey Partridge,,Perdix perdix,AC2E*,,,,,,
Quail,Common Quail,Coturnix coturnix,AE*,,,,,,
Pheasant,Common Pheasant,Phasianus colchicus,C1E*,,,,,,
Golden Pheasant,,Chrysolophus pictus,C1E*,,,,,,
Lady Amherst's Pheasant,,Chrysolophus amherstiae,C6E*,,,,,,
Brent Goose,Brant Goose,Branta bernicla,AE,,,,,,
Red-breasted Goose,,Branta ruficollis,AE*,†,,,,,
Canada Goose,,Branta canadensis,AC2E*,‡,,,,,
Barnacle Goose,,Branta leucopsis,AC2E*,,,,,,
Cackling Goose,,Branta hutchinsii,AE,†,,,,,
Snow Goose,,Anser caerulescens,AC2E*,,,,,,
Greylag Goose,,Anser anser,AC2C4E*,,,,,,
Taiga Bean Goose,,Anser fabalis,AE*,,,,,,
Pink-footed Goose,,Anser brachyrhynchus,AE*,,,,,,
Tundra Bean Goose,,Anser serrirostris,AE,,,,,,
White-fronted Goose,Greater White-fronted Goose,Anser albifrons,AE*,,,,,,
Lesser White-fronted Goose,,Anser erythropus,AE*,†,,,,,
Mute Swan,,Cygnus olor,AC2,,,,,,
Bewick's Swan,Tundra Swan,Cygnus columbianus,AE,‡,,,,,
Whooper Swan,,Cygnus cygnus,AE*,,,,,,
Egyptian Goose,,Alopochen aegyptiaca,C1C5E*,,,,,,
Shelduck,Common Shelduck,Tadorna tadorna,A,,,,,,
Ruddy Shelduck,,Tadorna ferruginea,BDE*,†,,,,,
Mandarin Duck,,Aix galericulata,C1E*,,,,,,
Baikal Teal,,Sibirionetta formosa,AE,†,,,,,
Garganey,,Spatula querquedula,A,,,,,,
Blue-winged Teal,,Spatula discors,AE*,†,,,,,
Shoveler,Northern Shoveler,Spatula clypeata,A,,,,,,
Gadwall,,Mareca strepera,AC2E*,,,,,,
Falcated Duck,,Mareca falcata,AE,†,,,,,
Wigeon,Eurasian Wigeon,Mareca penelope,AE*,,,,,,
American Wigeon,,Mareca americana,AE,,,,,,
Mallard,,Anas platyrhynchos,AC2C4E*,,,,,,
Black Duck,American Black Duck,Anas rubripes,A,†,,,,,
Pintail,Northern Pintail,Anas acuta,AE,,,,,,
Teal,Eurasian Teal,Anas crecca,A,,,,,,
Green-winged Teal,,Anas carolinensis,A,,,,,,
Red-crested Pochard,,Netta rufina,AC2E*,,,,,,
Canvasback,,Aythya valisineria,AE,†,,,,,
Redhead,,Aythya americana,AE,†,,,,,
Pochard,Common Pochard,Aythya ferina,AE*,,,,,,
Ferruginous Duck,,Aythya nyroca,AE,†,,,,,
Ring-necked Duck,,Aythya collaris,AE,,,,,,
Tufted Duck,,Aythya fuligula,A,,,,,,
Scaup,Greater Scaup,Aythya marila,A,,,,,,
Lesser Scaup,,Aythya affinis,A,†,,,,,
Steller's Eider,,Polysticta stelleri,A,†,,,,,
King Eider,,Somateria spectabilis,A,†,,,,,
Eider,Common Eider,Somateria mollissima,A,,,,,,
Harlequin Duck,,Histrionicus histrionicus,A,†,,,,,
Surf Scoter,,Melanitta perspicillata,A,,,,,,
Velvet Scoter,,Melanitta fusca,A,,,,,,
White-winged Scoter,,Melanitta deglandi,A,†,,,,,
Common Scoter,,Melanitta nigra,A,,,,,,
Black Scoter,,Melanitta americana,A,†,,,,,
Long-tailed Duck,,Clangula hyemalis,A,,,,,,
Bufflehead,,Bucephala albeola,AE,†,,,,,
Goldeneye,Common Goldeneye,Bucephala clangula,AE*,,,,,,
Barrow's Goldeneye,,Bucephala islandica,AE,†,,,,,
Smew,,Mergellus albellus,A,,,,,,
Hooded Merganser,,Lophodytes cucullatus,AE,†,,,,,
Goosander,Common Merganser,Mergus merganser,A,,,,,,
Red-breasted Merganser,,Mergus serrator,A,,,,,,
Ruddy Duck,,Oxyura jamaicensis,C1E*,,,,,,
Common Nighthawk,,Chordeiles minor,A,†,,,,,
Red-necked Nightjar,,Caprimulgus ruficollis,B,†,,,,,
Nightjar,European Nightjar,Caprimulgus europaeus,A,,,,,,
Egyptian Nightjar,,Caprimulgus aegyptius,A,†,,,,,
White-throated Needletail,,Hirundapus caudacutus,A,†,,,,,
Chimney Swift,,Chaetura pelagica,A,†,,,,,
Alpine Swift,,Tachymarptis melba,A,,,,,,
Swift,Common Swift,Apus apus,A,,,,,,
Pallid Swift,,Apus pallidus,A,†,,,,,
Pacific Swift,,Apus pacificus,A,†,,,,,
Little Swift,,Apus affinis,A,†,,,,,
White-rumped Swift,,Apus caffer,A,†,,,,,
Great Bustard,,Otis tarda,AE*,†,,,,,
Macqueen's Bustard,,Chlamydotis macqueenii,A,†,,,,,
Little Bustard,,Tetrax tetrax,A,†,,,,,
Great Spotted Cuckoo,,Clamator glandarius,A,†,,,,,
Yellow-billed Cuckoo,,Coccyzus americanus,A,†,,,,,
Black-billed Cuckoo,,Coccyzus erythropthalmus,A,†,,,,,
Cuckoo,Common Cuckoo,Cuculus canorus,A,,,,,,
Pallas's Sandgrouse,,Syrrhaptes paradoxus,A,†,,,,,
Rock Dove,,Columba livia,AC4E*,,,,,,
Stock Dove,,Columba oenas,A,,,,,,
Woodpigeon,Common Wood Pigeon,Columba palumbus,A,,,,,,
Turtle Dove,European Turtle Dove,Streptopelia turtur,A,,,,,,
Oriental Turtle Dove,,Streptopelia orientalis,A,†,,,,,
Collared Dove,Eurasian Collared Dove,Streptopelia decaocto,A,,,,,,
Mourning Dove,,Zenaida macroura,A,†,,,,,
Water Rail,,Rallus aquaticus,A,,,,,,
Corncrake,Corn Crake,Crex crex,AE*,,,,,,
Sora Rail,Sora,Porzana carolina,A,†,,,,,
Spotted Crake,,Porzana porzana,A,,,,,,
Moorhen,Common Moorhen,Gallinula chloropus,A,,,,,,
Coot,Eurasian Coot,Fulica atra,A,,,,,,
American Coot,,Fulica americana,A,†,,,,,
Allen's Gallinule,,Porphyrio alleni,A,†,,,,,
American Purple Gallinule,Purple Gallinule,Porphyrio martinica,A,†,,,,,
Western Swamphen,,Porphyrio porphyrio,AE,†,,,,,
Baillon's Crake,,Zapornia pusilla,A,†,,,,,
Little Crake,,Zapornia parva,A,†,,,,,
Sandhill Crane,,Antigone canadensis,A,†,,,,,
Crane,Common Crane,Grus grus,AE*,,,,,,
Little Grebe,,Tachybaptus ruficollis,A,,,,,,
Pied-billed Grebe,,Podilymbus podiceps,A,†,,,,,
Red-necked Grebe,,Podiceps grisegena,A,‡,,,,,
Great Crested Grebe,,Podiceps cristatus,A,,,,,,
Slavonian Grebe,Horned Grebe,Podiceps auritus,A,,,,,,
Black-necked Grebe,,Podiceps nigricollis,A,,,,,,
Stone-curlew,Eurasian Stone-curlew,Burhinus oedicnemus,A,,,,,,
Oystercatcher,Eurasian Oystercatcher,Haematopus ostralegus,A,,,,,,
Black-winged Stilt,,Himantopus himantopus,A,,,,,,
Avocet,Pied Avocet,Recurvirostra avosetta,AE,,,,,,
Lapwing,Northern Lapwing,Vanellus vanellus,A,,,,,,
Sociable Plover,Sociable Lapwing,Vanellus gregarius,A,†,,,,,
White-tailed Plover,White-tailed Lapwing,Vanellus leucurus,A,†,,,,,
Golden Plover,European Golden Plover,Pluvialis apricaria,A,,,,,,
Pacific Golden Plover,,Pluvialis fulva,A,†,,,,,
American Golden Plover,,Pluvialis dominica,A,,,,,,
Grey Plover,,Pluvialis squatarola,A,,,,,,
Ringed Plover,Common Ringed Plover,Charadrius hiaticula,A,,,,,,
Semipalmated Plover,,Charadrius semipalmatus,A,†,,,,,
Little Ringed Plover,,Charadrius dubius,A,,,,,,
Killdeer,,Charadrius vociferus,A,†,,,,,
Kentish Plover,,Charadrius alexandrinus,A,†,,,,,
Lesser Sand Plover,,Charadrius mongolus,A,†,,,,,
Greater Sand Plover,,Charadrius leschenaultii,A,†,,,,,
Caspian Plover,,Charadrius asiaticus,A,†,,,,,
Dotterel,Eurasian Dotterel,Charadrius morinellus,A,,,,,,
Upland Sandpiper,,Bartramia longicauda,A,†,,,,,
Whimbrel,,Numenius phaeopus,A,,,,,,
Hudsonian Whimbrel,,Numenius hudsonicus,A,†,,,,,
Little Whimbrel,Little Curlew,Numenius minutus,A,†,,,,,
Eskimo Curlew,,Numenius borealis,B,†,,,,,
Curlew,Eurasian Curlew,Numenius arquata,A,,,,,,
Bar-tailed Godwit,,Limosa lapponica,A,,,,,,
Black-tailed Godwit,,Limosa limosa,A,,,,,,
Hudsonian Godwit,,Limosa haemastica,A,†,,,,,
Turnstone,Ruddy Turnstone,Arenaria interpres,A,,,,,,
Great Knot,,Calidris tenuirostris,A,†,,,,,
Knot,Red Knot,Calidris canutus,A,,,,,,
Ruff,,Calidris pugnax,A,,,,,,
Broad-billed Sandpiper,,Calidris falcinellus,A,†,,,,,
Sharp-tailed Sandpiper,,Calidris acuminata,A,†,,,,,
Stilt Sandpiper,,Calidris himantopus,A,†,,,,,
Curlew Sandpiper,,Calidris ferruginea,A,,,,,,
Temminck's Stint,,Calidris temminckii,A,,,,,,
Long-toed Stint,,Calidris subminuta,A,†,,,,,
Red-necked Stint,,Calidris ruficollis,A,†,,,,,
Sanderling,,Calidris alba,A,,,,,,
Dunlin,,Calidris alpina,A,,,,,,
Purple Sandpiper,,Calidris maritima,A,,,,,,
Baird's Sandpiper,,Calidris bairdii,A,†,,,,,
Little Stint,,Calidris minuta,A,,,,,,
Least Sandpiper,,Calidris minutilla,A,†,,,,,
White-rumped Sandpiper,,Calidris fuscicollis,A,,,,,,
Buff-breasted Sandpiper,,Calidris subruficollis,A,,,,,,
Pectoral Sandpiper,,Calidris melanotos,A,,,,,,
Semipalmated Sandpiper,,Calidris pusilla,A,†,,,,,
Western Sandpiper,,Calidris mauri,A,†,,,,,
Long-billed Dowitcher,,Limnodromus scolopaceus,A,†,,,,,
Short-billed Dowitcher,,Limnodromus griseus,A,†,,,,,
Woodcock,Eurasian Woodcock,Scolopax rusticola,A,,,,,,
Jack Snipe,,Lymnocryptes minimus,A,,,,,,
Great Snipe,,Gallinago media,A,†,,,,,
Snipe,Common Snipe,Gallinago gallinago,A,,,,,,
Wilson's Snipe,,Gallinago delicata,A,†,,,,,
Terek Sandpiper,,Xenus cinereus,A,†,,,,,
Wilson's Phalarope,,Phalaropus tricolor,A,†,,,,,
Red-necked Phalarope,,Phalaropus lobatus,A,,,,,,
Grey Phalarope,Red Phalarope,Phalaropus fulicarius,A,,,,,,
Common Sandpiper,,Actitis hypoleucos,A,,,,,,
Spotted Sandpiper,,Actitis macularius,A,†,,,,,
Green Sandpiper,,Tringa ochropus,A,,,,,,
Solitary Sandpiper,,Tringa solitaria,A,†,,,,,
Grey-tailed Tattler,,Tringa brevipes,A,†,,,,,
Lesser Yellowlegs,,Tringa flavipes,A,,,,,,
Redshank,Common Redshank,Tringa totanus,A,,,,,,
Marsh Sandpiper,,Tringa stagnatilis,A,†,,,,,
Wood Sandpiper,,Tringa glareola,A,,,,,,
Spotted Redshank,,Tringa erythropus,A,,,,,,
Greenshank,Common Greenshank,Tringa nebularia,A,,,,,,
Greater Yellowlegs,,Tringa melanoleuca,A,†,,,,,
Cream-coloured Courser,Cream-colored Courser,Cursorius cursor,A,†,,,,,
Collared Pratincole,,Glareola pratincola,A,†,,,,,
Oriental Pratincole,,Glareola maldivarum,A,†,,,,,
Black-winged Pratincole,,Glareola nordmanni,A,†,,,,,
Kittiwake,Black-legged Kittiwake,Rissa tridactyla,A,,,,,,
Ivory Gull,,Pagophila eburnea,A,†,,,,,
Sabine's Gull,,Xema sabini,A,,,,,,
Slender-billed Gull,,Chroicocephalus genei,A,†,,,,,
Bonaparte's Gull,,Chroicocephalus philadelphia,A,†,,,,,
Black-headed Gull,,Chroicocephalus ridibundus,A,,,,,,
Little Gull,,Hydrocoloeus minutus,A,,,,,,
Ross's Gull,,Rhodostethia rosea,A,†,,,,,
Laughing Gull,,Leucophaeus atricilla,A,†,,,,,
Franklin's Gull,,Leucophaeus pipixcan,A,†,,,,,
Audouin's Gull,,Ichthyaetus audouinii,A,†,,,,,
Mediterranean Gull,,Ichthyaetus melanocephalus,A,,,,,,
Great Black-headed Gull,Pallas's Gull,Ichthyaetus ichthyaetus,B,†,,,,,
Common Gull,Mew Gull,Larus canus,A,,,,,,
Ring-billed Gull,,Larus delawarensis,A,,,,,,
Great Black-backed Gull,,Larus marinus,A,,,,,,
Glaucous-winged Gull,,Larus glaucescens,A,†,,,,,
Glaucous Gull,,Larus hyperboreus,A,,,,,,
Iceland Gull,,Larus glaucoides,A,‡,,,,,
Herring Gull,European Herring Gull,Larus argentatus,A,,,,,,
American Herring Gull,,Larus smithsonianus,A,†,,,,,
Caspian Gull,,Larus cachinnans,A,,,,,,
Yellow-legged Gull,,Larus michahellis,A,‡,,,,,
Slaty-backed Gull,,Larus schistisagus,A,†,,,,,
Lesser Black-backed Gull,,Larus fuscus,A,‡,,,,,
Gull-billed Tern,,Gelochelidon nilotica,A,†,,,,,
Caspian Tern,,Hydroprogne caspia,A,†,,,,,
Royal Tern,,Thalasseus maximus,A,†,,,,,
Lesser Crested Tern,,Thalasseus bengalensis,A,†,,,,,
Sandwich Tern,,Thalasseus sandvicensis,A,,,,,,
Cabot's Tern,,Thalasseus acuflavidus,A,†,,,,,
Elegant Tern,,Thalasseus elegans,A,†,,,,,
Little Tern,,Sternula albifrons,A,,,,,,
Least Tern,,Sternula antillarum,A,†,,,,,
Aleutian Tern,,Onychoprion aleuticus,A,†,,,,,
Bridled Tern,,Onychoprion anaethetus,A,†,,,,,
Sooty Tern,,Onychoprion fuscatus,A,†,,,,,
Roseate Tern,,Sterna dougallii,A,,,,,,
Common Tern,,Sterna hirundo,A,,,,,,
Arctic Tern,,Sterna paradisaea,A,,,,,,
Forster's Tern,,Sterna forsteri,A,†,,,,,
Whiskered Tern,,Chlidonias hybrida,A,†,,,,,
White-winged Black Tern,White-winged Tern,Chlidonias leucopterus,A,,,,,,
Black Tern,,Chlidonias niger,A,‡,,,,,
Great Skua,,Stercorarius skua,A,,,,,,
Pomarine Skua,Pomarine Jaeger,Stercorarius pomarinus,A,,,,,,
Arctic Skua,Parasitic Jaeger,Stercorarius parasiticus,A,,,,,,
Long-tailed Skua,Long-tailed Jaeger,Stercorarius longicaudus,A,,,,,,
Little Auk,,Alle alle,A,‡,,,,,
Brünnich's Guillemot,Thick-billed Murre,Uria lomvia,A,†,,,,,
Common Guillemot,Common Murre,Uria aalge,A,,,,,,
Razorbill,,Alca torda,A,,,,,,
Great Auk,,Pinguinus impennis,B,Extinct,,,,,
Black Guillemot,,Cepphus grylle,A,‡,,,,,
Long-billed Murrelet,,Brachyramphus perdix,A,†,,,,,
Ancient Murrelet,,Synthliboramphus antiquus,A,†,,,,,
Puffin,Atlantic Puffin,Fratercula arctica,A,,,,,,
Tufted Puffin,,Fratercula cirrhata,A,†,,,,,
Red-billed Tropicbird,,Phaethon aethereus,AE,†,,,,,
Red-throated Diver,Red-throated Loon,Gavia stellata,A,,,,,,
Black-throated Diver,Black-throated Loon,Gavia arctica,A,,,,,,
Pacific Diver,Pacific Loon,Gavia pacifica,A,†,,,,,
Great Northern Diver,Common Loon,Gavia immer,A,,,,,,
White-billed Diver,Yellow-billed Loon,Gavia adamsii,A,,,,,,
Wilson's Petrel,Wilson's Storm Petrel,Oceanites oceanicus,A,,,,,,
White-faced Storm Petrel,,Pelagodroma marina,B,†,,,,,
Black-browed Albatross,,Thalassarche melanophris,A,†,,,,,
Atlantic Yellow-nosed Albatross,,Thalassarche chlororhynchos,A,†,,,,,
Storm Petrel,European Storm Petrel,Hydrobates pelagicus,A,,,,,,
Swinhoe's Petrel,Swinhoe's Storm Petrel,Oceanodroma monorhis,A,†,,,,,
Leach's Petrel,Leach's Storm Petrel,Oceanodroma leucorhoa,A,,,,,,
Fulmar,Northern Fulmar,Fulmarus glacialis,A,,,,,,
Black-capped Petrel,,Pterodroma hasitata,A,†,,,,,
Scopoli's Shearwater,,Calonectris diomedea,A,†,,,,,
Cory's Shearwater,,Calonectris borealis,A,,,,,,
Sooty Shearwater,,Ardenna grisea,A,,,,,,
Great Shearwater,,Ardenna gravis,A,,,,,,
Manx Shearwater,,Puffinus puffinus,A,,,,,,
Yelkouan Shearwater,,Puffinus yelkouan,A,†,,,,,
Balearic Shearwater,,Puffinus mauretanicus,A,,,,,,
Barolo Shearwater,,Puffinus baroli,A,†,,,,,
Black Stork,,Ciconia nigra,AE,†,,,,,
White Stork,,Ciconia ciconia,AE,,,,,,
Ascension Frigatebird,,Fregata aquila,A,†,,,,,
Magnificent Frigatebird,,Fregata magnificens,A,†,,,,,
Gannet,Northern Gannet,Morus bassanus,A,,,,,,
Red-footed Booby,,Sula sula,A,†,,,,,
Cormorant,Great Cormorant,Phalacrocorax carbo,A,,,,,,
Shag,European Shag,Phalacrocorax aristotelis,A,,,,,,
Double-crested Cormorant,,Phalacrocorax auritus,AE,†,,,,,
Glossy Ibis,,Plegadis falcinellus,AE,,,,,,
Spoonbill,Eurasian Spoonbill,Platalea leucorodia,AE,,,,,,
Bittern,Eurasian Bittern,Botaurus stellaris,A,,,,,,
American Bittern,,Botaurus lentiginosus,A,†,,,,,
Little Bittern,,Ixobrychus minutus,A,†,,,,,
Night-heron,Black-crowned Night Heron,Nycticorax nycticorax,AE*,,,,,,
Green Heron,,Butorides virescens,A,†,,,,,
Squacco Heron,,Ardeola ralloides,A,†,,,,,
Chinese Pond Heron,,Ardeola bacchus,A,†,,,,,
Cattle Egret,Western Cattle Egret,Bubulcus ibis,AE,,,,,,
Grey Heron,,Ardea cinerea,A,,,,,,
Great Blue Heron,,Ardea herodias,A,†,,,,,
Purple Heron,,Ardea purpurea,A,,,,,,
Great White Egret,Great Egret,Ardea alba,A,,,,,,
Snowy Egret,,Egretta thula,A,†,,,,,
Little Egret,,Egretta garzetta,A,,,,,,
Dalmatian Pelican,,Pelecanus crispus,A,†,,,,,
Osprey,Western Osprey,Pandion haliaetus,AE*,,,,,,
Egyptian Vulture,,Neophron percnopterus,BDE,†,,,,,
Honey-buzzard,European Honey Buzzard,Pernis apivorus,A,,,,,,
Short-toed Eagle,Short-toed Snake Eagle,Circaetus gallicus,A,†,,,,,
Spotted Eagle,Greater Spotted Eagle,Clanga clanga,B,†,,,,,
Golden Eagle,,Aquila chrysaetos,AE,,,,,,
Sparrowhawk,Eurasian Sparrowhawk,Accipiter nisus,A,,,,,,
Goshawk,Northern Goshawk,Accipiter gentilis,AC3E*,,,,,,
Marsh Harrier,Western Marsh Harrier,Circus aeruginosus,A,,,,,,
Hen Harrier,,Circus cyaneus,A,,,,,,
Northern Harrier,,Circus hudsonius,A,†,,,,,
Pallid Harrier,,Circus macrourus,A,†,,,,,
Montagu's Harrier,,Circus pygargus,A,,,,,,
Red Kite,,Milvus milvus,AC3E*,,,,,,
Black Kite,,Milvus migrans,AE,,,,,,
White-tailed Eagle,,Haliaeetus albicilla,AC3E*,,,,,,
Rough-legged Buzzard,,Buteo lagopus,AE,,,,,,
Buzzard,Common Buzzard,Buteo buteo,AE*,,,,,,
Barn Owl,Western Barn Owl,Tyto alba,AE*,‡,,,,,
Scops Owl,Eurasian Scops Owl,Otus scops,A,†,,,,,
Snowy Owl,,Bubo scandiacus,AE,†,,,,,
Tawny Owl,,Strix aluco,A,,,,,,
Hawk Owl,Northern Hawk-Owl,Surnia ulula,A,†,,,,,
Little Owl,,Athene noctua,C1E*,,,,,,
Tengmalm's Owl,Boreal Owl,Aegolius funereus,A,†,,,,,
Long-eared Owl,,Asio otus,A,,,,,,
Short-eared Owl,,Asio flammeus,A,,,,,,
Hoopoe,Eurasian Hoopoe,Upupa epops,AE,,,,,,
Roller,European Roller,Coracias garrulus,A,†,,,,,
Kingfisher,Common Kingfisher,Alcedo atthis,A,,,,,,
Belted Kingfisher,,Megaceryle alcyon,A,†,,,,,
Blue-cheeked Bee-eater,,Merops persicus,A,†,,,,,
Bee-eater,European Bee-eater,Merops apiaster,A,,,,,,
Wryneck,Eurasian Wryneck,Jynx torquilla,A,,,,,,
Yellow-bellied Sapsucker,,Sphyrapicus varius,A,†,,,,,
Lesser Spotted Woodpecker,,Dryobates minor,A,,,,,,
Great Spotted Woodpecker,,Dendrocopos major,A,,,,,,
Green Woodpecker,European Green Woodpecker,Picus viridis,A,,,,,,
Lesser Kestrel,,Falco naumanni,A,†,,,,,
Kestrel,Common Kestrel,Falco tinnunculus,A,,,,,,
American Kestrel,,Falco sparverius,AE,†,,,,,
Red-footed Falcon,,Falco vespertinus,A,,,,,,
Amur Falcon,,Falco amurensis,AE,†,,,,,
Eleonora's Falcon,,Falco eleonorae,A,†,,,,,
Merlin,,Falco columbarius,A,‡,,,,,
Hobby,Eurasian Hobby,Falco subbuteo,A,,,,,,
Gyr Falcon,Gyrfalcon,Falco rusticolus,AE,†,,,,,
Peregrine,Peregrine Falcon,Falco peregrinus,AE,,,,,,
Ring-necked Parakeet,Rose-ringed Parakeet,Psittacula krameri,C1E*,,,,,,
Eastern Phoebe,,Sayornis phoebe,A,†,,,,,
Acadian Flycatcher,,Empidonax virescens,A,†,,,,,
Alder Flycatcher,,Empidonax alnorum,A,†,,,,,
Eastern Kingbird,,Tyrannus tyrannus,A,†,,,,,
Brown Shrike,,Lanius cristatus,A,†,,,,,
Red-backed Shrike,,Lanius collurio,A,,,,,,
Daurian Shrike,Isabelline Shrike,Lanius isabellinus,A,†,,,,,
Turkestan Shrike,Red-tailed Shrike,Lanius phoenicuroides,A,†,,,,,
Long-tailed Shrike,,Lanius schach,A,†,,,,,
Lesser Grey Shrike,,Lanius minor,A,†,,,,,
Great Grey Shrike,,Lanius excubitor,AE,‡,,,,,
Woodchat Shrike,,Lanius senator,A,‡,,,,,
Masked Shrike,,Lanius nubicus,A,†,,,,,
Yellow-throated Vireo,,Vireo flavifrons,A,†,,,,,
Philadelphia Vireo,,Vireo philadelphicus,A,†,,,,,
Red-eyed Vireo,,Vireo olivaceus,A,†,,,,,
Golden Oriole,Eurasian Golden Oriole,Oriolus oriolus,A,,,,,,
Jay,Eurasian Jay,Garrulus glandarius,A,,,,,,
Magpie,Eurasian Magpie,Pica pica,A,,,,,,
Nutcracker,Spotted Nutcracker,Nucifraga caryocatactes,A,†,,,,,
Chough,Red-billed Chough,Pyrrhocorax pyrrhocorax,AE*,,,,,,
Jackdaw,Western Jackdaw,Coloeus monedula,A,,,,,,
Rook,,Corvus frugilegus,A,,,,,,
Carrion Crow,,Corvus corone,A,,,,,,
Hooded Crow,,Corvus cornix,A,,,,,,
Raven,Northern Raven,Corvus corax,A,,,,,,
Waxwing,Bohemian Waxwing,Bombycilla garrulus,AE,,,,,,
Cedar Waxwing,,Bombycilla cedrorum,AE,†,,,,,
Coal Tit,,Periparus ater,A,,,,,,
Crested Tit,European Crested Tit,Lophophanes cristatus,A,‡,,,,,
Marsh Tit,,Poecile palustris,A,,,,,,
Willow Tit,,Poecile montanus,A,‡,,,,,
Blue Tit,Eurasian Blue Tit,Cyanistes caeruleus,A,,,,,,
Great Tit,,Parus major,A,,,,,,
Penduline Tit,Eurasian Penduline Tit,Remiz pendulinus,A,,,,,,
Bearded Tit,Bearded Reedling,Panurus biarmicus,A,,,,,,
Woodlark,,Lullula arborea,A,,,,,,
White-winged Lark,,Alauda leucoptera,A,†,,,,,
Skylark,Eurasian Skylark,Alauda arvensis,A,,,,,,
Crested Lark,,Galerida cristata,AE,†,,,,,
Shore Lark,Horned Lark,Eremophila alpestris,A,‡,,,,,
Short-toed Lark,Greater Short-toed Lark,Calandrella brachydactyla,A,,,,,,
Bimaculated Lark,,Melanocorypha bimaculata,A,†,,,,,
Calandra Lark,,Melanocorypha calandra,A,†,,,,,
Black Lark,,Melanocorypha yeltoniensis,A,†,,,,,
Lesser Short-toed Lark,,Alaudala rufescens,A,†,,,,,
Sand Martin,,Riparia riparia,A,,,,,,
Tree Swallow,,Tachycineta bicolor,A,†,,,,,
Purple Martin,,Progne subis,A,†,,,,,
Swallow,Barn Swallow,Hirundo rustica,AE,,,,,,
Crag Martin,Eurasian Crag Martin,Ptyonoprogne rupestris,A,†,,,,,
House Martin,Common House Martin,Delichon urbicum,A,,,,,,
Red-rumped Swallow,,Cecropis daurica,A,‡,,,,,
American Cliff Swallow,,Petrochelidon pyrrhonota,A,†,,,,,
Cetti's Warbler,,Cettia cetti,A,,,,,,
Long-tailed Tit,,Aegithalos caudatus,A,‡,,,,,
Wood Warbler,,Phylloscopus sibilatrix,A,,,,,,
Western Bonelli's Warbler,,Phylloscopus bonelli,A,†,,,,,
Eastern Bonelli's Warbler,,Phylloscopus orientalis,A,†,,,,,
Hume's Warbler,Hume's Leaf Warbler,Phylloscopus humei,A,†,,,,,
Yellow-browed Warbler,,Phylloscopus inornatus,A,,,,,,
Pallas's Warbler,Pallas's Leaf Warbler,Phylloscopus proregulus,A,,,,,,
Radde's Warbler,,Phylloscopus schwarzi,A,,,,,,
Dusky Warbler,,Phylloscopus fuscatus,A,,,,,,
Willow Warbler,,Phylloscopus trochilus,A,,,,,,
Chiffchaff,Common Chiffchaff,Phylloscopus collybita,A,,,,,,
Iberian Chiffchaff,,Phylloscopus ibericus,A,†,,,,,
Eastern Crowned Warbler,,Phylloscopus coronatus,A,†,,,,,
Green Warbler,,Phylloscopus nitidus,A,†,,,,,
Two-barred Greenish Warbler,Two-barred Warbler,Phylloscopus plumbeitarsus,A,†,,,,,
Greenish Warbler,,Phylloscopus trochiloides,A,,,,,,
Pale-legged Leaf Warbler,,Phylloscopus tenellipes,A,†,,,,,
Arctic Warbler,,Phylloscopus borealis,A,,,,,,
Great Reed Warbler,,Acrocephalus arundinaceus,A,†,,,,,
Aquatic Warbler,,Acrocephalus paludicola,A,†,,,,,
Sedge Warbler,,Acrocephalus schoenobaenus,A,,,,,,
Paddyfield Warbler,,Acrocephalus agricola,A,†,,,,,
Blyth's Reed Warbler,,Acrocephalus dumetorum,A,,,,,,
Reed Warbler,Eurasian Reed Warbler,Acrocephalus scirpaceus,A,‡,,,,,
Marsh Warbler,,Acrocephalus palustris,A,,,,,,
Thick-billed Warbler,,Arundinax aedon,A,†,,,,,
Booted Warbler,,Iduna caligata,A,†,,,,,
Sykes's Warbler,,Iduna rama,A,†,,,,,
Eastern Olivaceous Warbler,,Iduna pallida,A,†,,,,,
Olive-tree Warbler,,Hippolais olivetorum,A,†,,,,,
Melodious Warbler,,Hippolais polyglotta,A,,,,,,
Icterine Warbler,,Hippolais icterina,A,,,,,,
Pallas's Grasshopper Warbler,,Helopsaltes certhiola,A,†,,,,,
Lanceolated Warbler,,Locustella lanceolata,A,†,,,,,
River Warbler,,Locustella fluviatilis,A,†,,,,,
Savi's Warbler,,Locustella luscinioides,A,†,,,,,
Grasshopper Warbler,Common Grasshopper Warbler,Locustella naevia,A,‡,,,,,
Fan-tailed Warbler,Zitting Cisticola,Cisticola juncidis,A,†,,,,,
Blackcap,Eurasian Blackcap,Sylvia atricapilla,A,,,,,,
Garden Warbler,,Sylvia borin,A,,,,,,
Barred Warbler,,Curruca nisoria,A,,,,,,
Lesser Whitethroat,,Curruca curruca,A,‡,,,,,
Western Orphean Warbler,,Curruca hortensis,A,†,,,,,
Eastern Orphean Warbler,,Curruca crassirostris,A,†,,,,,
Asian Desert Warbler,,Curruca nana,A,†,,,,,
Rüppell's Warbler,,Curruca ruppeli,A,†,,,,,
Sardinian Warbler,,Curruca melanocephala,A,†,,,,,
Western Subalpine Warbler,,Curruca iberiae,A,†,,,,,
Moltoni's Subalpine Warbler,Moltoni's Warbler,Curruca subalpina,A,†,,,,,
Eastern Subalpine Warbler,,Curruca cantillans,A,†,,,,,
Whitethroat,Common Whitethroat,Curruca communis,A,,,,,,
Spectacled Warbler,,Curruca conspicillata,A,†,,,,,
Marmora's Warbler,,Curruca sarda,A,†,,,,,
Dartford Warbler,,Curruca undata,A,,,,,,
Firecrest,Common Firecrest,Regulus ignicapilla,A,,,,,,
Goldcrest,,Regulus regulus,A,,,,,,
Wren,Eurasian Wren,Troglodytes troglodytes,A,,,,,,
Red-breasted Nuthatch,,Sitta canadensis,A,†,,,,,
Nuthatch,Eurasian Nuthatch,Sitta europaea,A,,,,,,
Wallcreeper,,Tichodroma muraria,A,†,,,,,
Treecreeper,Eurasian Treecreeper,Certhia familiaris,A,‡,,,,,
Short-toed Treecreeper,,Certhia brachydactyla,A,†,,,,,
Grey Catbird,,Dumetella carolinensis,A,†,,,,,
Northern Mockingbird,,Mimus polyglottos,AE,†,,,,,
Brown Thrasher,,Toxostoma rufum,A,†,,,,,
Rose-coloured Starling,Rosy Starling,Pastor roseus,AE,,,,,,
Starling,Common Starling,Sturnus vulgaris,A,,,,,,
Siberian Thrush,,Geokichla sibirica,AE,†,,,,,
White's Thrush,,Zoothera aurea,A,†,,,,,
Varied Thrush,,Ixoreus naevius,A,†,,,,,
Veery,,Catharus fuscescens,A,†,,,,,
Grey-cheeked Thrush,,Catharus minimus,A,†,,,,,
Swainson's Thrush,,Catharus ustulatus,A,†,,,,,
Hermit Thrush,,Catharus guttatus,A,†,,,,,
Wood Thrush,,Hylocichla mustelina,A,†,,,,,
Ring Ouzel,,Turdus torquatus,A,,,,,,
Blackbird,Common Blackbird,Turdus merula,A,,,,,,
Eyebrowed Thrush,,Turdus obscurus,A,†,,,,,
Black-throated Thrush,,Turdus atrogularis,A,†,,,,,
Red-throated Thrush,,Turdus ruficollis,A,†,,,,,
Naumann's Thrush,,Turdus naumanni,A,†,,,,,
Dusky Thrush,,Turdus eunomus,A,†,,,,,
Fieldfare,,Turdus pilaris,A,,,,,,
Redwing,,Turdus iliacus,A,,,,,,
Song Thrush,,Turdus philomelos,A,,,,,,
Mistle Thrush,,Turdus viscivorus,A,,,,,,
American Robin,,Turdus migratorius,AE,†,,,,,
Rufous-tailed Scrub Robin,,Cercotrichas galactotes,A,†,,,,,
Spotted Flycatcher,,Muscicapa striata,A,,,,,,
Asian Brown Flycatcher,,Muscicapa dauurica,A,†,,,,,
Robin,European Robin,Erithacus rubecula,A,,,,,,
Siberian Blue Robin,,Larvivora cyane,A,†,,,,,
Rufous-tailed Robin,,Larvivora sibilans,A,†,,,,,
Bluethroat,,Luscinia svecica,A,,,,,,
Thrush Nightingale,,Luscinia luscinia,A,†,,,,,
Nightingale,Common Nightingale,Luscinia megarhynchos,A,‡,,,,,
White-throated Robin,,Irania gutturalis,A,†,,,,,
Siberian Rubythroat,,Calliope calliope,A,†,,,,,
Red-flanked Bluetail,,Tarsiger cyanurus,AE,,,,,,
Taiga Flycatcher,,Ficedula albicilla,A,†,,,,,
Red-breasted Flycatcher,,Ficedula parva,A,,,,,,
Pied Flycatcher,European Pied Flycatcher,Ficedula hypoleuca,A,‡,,,,,
Collared Flycatcher,,Ficedula albicollis,A,†,,,,,
Black Redstart,,Phoenicurus ochruros,A,‡,,,,,
Redstart,Common Redstart,Phoenicurus phoenicurus,A,,,,,,
Moussier's Redstart,,Phoenicurus moussieri,A,†,,,,,
Rock Thrush,Common Rock Thrush,Monticola saxatilis,A,†,,,,,
Blue Rock Thrush,,Monticola solitarius,AE,†,,,,,
Whinchat,,Saxicola rubetra,A,,,,,,
Stonechat,European Stonechat,Saxicola rubicola,A,,,,,,
Siberian Stonechat,,Saxicola maurus,A,†,,,,,
Stejneger's Stonechat,,Saxicola stejnegeri,A,†,,,,,
Wheatear,Northern Wheatear,Oenanthe oenanthe,A,,,,,,
Isabelline Wheatear,,Oenanthe isabellina,A,†,,,,,
Desert Wheatear,,Oenanthe deserti,A,†,,,,,
Western Black-eared Wheatear,,Oenanthe hispanica,A,†,,,,,
Eastern Black-eared Wheatear,,Oenanthe melanoleuca,A,†,,,,,
Pied Wheatear,,Oenanthe pleschanka,A,†,,,,,
White-crowned Black Wheatear,White-crowned Wheatear,Oenanthe leucopyga,A,†,,,,,
Dipper,White-throated Dipper,Cinclus cinclus,A,‡,,,,,
House Sparrow,,Passer domesticus,A,,,,,,
Spanish Sparrow,,Passer hispaniolensis,A,†,,,,,
Tree Sparrow,Eurasian Tree Sparrow,Passer montanus,A,,,,,,
Rock Sparrow,,Petronia petronia,A,†,,,,,
Alpine Accentor,,Prunella collaris,A,†,,,,,
Siberian Accentor,,Prunella montanella,A,†,,,,,
Dunnock,,Prunella modularis,A,,,,,,
Yellow Wagtail,Western Yellow Wagtail,Motacilla flava,A,‡,,,,,
Eastern Yellow Wagtail,,Motacilla tschutschensis,A,†,,,,,
Citrine Wagtail,,Motacilla citreola,A,,,,,,
Grey Wagtail,,Motacilla cinerea,A,,,,,,
Pied Wagtail,White Wagtail,Motacilla alba,A,‡,,,,,
Richard's Pipit,,Anthus richardi,A,,,,,,
Blyth's Pipit,,Anthus godlewskii,A,†,,,,,
Tawny Pipit,,Anthus campestris,A,†,,,,,
Meadow Pipit,,Anthus pratensis,A,,,,,,
Tree Pipit,,Anthus trivialis,A,,,,,,
Olive-backed Pipit,,Anthus hodgsoni,A,,,,,,
Pechora Pipit,,Anthus gustavi,A,†,,,,,
Red-throated Pipit,,Anthus cervinus,A,†,,,,,
Buff-bellied Pipit,,Anthus rubescens,A,†,,,,,
Water Pipit,,Anthus spinoletta,A,,,,,,
Rock Pipit,Eurasian Rock Pipit,Anthus petrosus,A,,,,,,
Chaffinch,Common Chaffinch,Fringilla coelebs,AE,,,,,,
Brambling,,Fringilla montifringilla,A,,,,,,
Evening Grosbeak,,Hesperiphona vespertina,A,†,,,,,
Hawfinch,,Coccothraustes coccothraustes,A,,,,,,
Pine Grosbeak,,Pinicola enucleator,AE,†,,,,,
Bullfinch,Eurasian Bullfinch,Pyrrhula pyrrhula,A,,,,,,
Trumpeter Finch,,Bucanetes githagineus,AE,†,,,,,
Common Rosefinch,,Carpodacus erythrinus,A,,,,,,
Greenfinch,European Greenfinch,Chloris chloris,AE,,,,,,
Twite,,Linaria flavirostris,A,,,,,,
Linnet,Common Linnet,Linaria cannabina,A,,,,,,
Common Redpoll,,Acanthis flammea,A,,,,,,
Lesser Redpoll,,Acanthis cabaret,A,,,,,,
Arctic Redpoll,,Acanthis hornemanni,A,†,,,,,
Parrot Crossbill,,Loxia pytyopsittacus,A,,,,,,
Scottish Crossbill,,Loxia scotica,A,,,,,,
Crossbill,Red Crossbill,Loxia curvirostra,A,,,,,,
Two-barred Crossbill,,Loxia leucoptera,A,†,,,,,
Goldfinch,European Goldfinch,Carduelis carduelis,A,,,,,,
Citril Finch,,Carduelis citrinella,A,†,,,,,
Serin,European Serin,Serinus serinus,A,,,,,,
Siskin,Eurasian Siskin,Spinus spinus,A,,,,,,
Lapland Bunting,Lapland Longspur,Calcarius lapponicus,A,,,,,,
Snow Bunting,,Plectrophenax nivalis,A,,,,,,
Corn Bunting,,Emberiza calandra,A,,,,,,
Yellowhammer,,Emberiza citrinella,A,,,,,,
Pine Bunting,,Emberiza leucocephalos,A,†,,,,,
Rock Bunting,,Emberiza cia,A,†,,,,,
Ortolan Bunting,,Emberiza hortulana,AE,,,,,,
Cretzschmar's Bunting,,Emberiza caesia,A,†,,,,,
Cirl Bunting,,Emberiza cirlus,A,,,,,,
Chestnut-eared Bunting,,Emberiza fucata,A,†,,,,,
Little Bunting,,Emberiza pusilla,A,,,,,,
Yellow-browed Bunting,,Emberiza chrysophrys,A,†,,,,,
Rustic Bunting,,Emberiza rustica,A,†,,,,,
Yellow-breasted Bunting,,Emberiza aureola,AE,†,,,,,
Chestnut Bunting,,Emberiza rutila,A,†,,,,,
Black-headed Bunting,,Emberiza melanocephala,AE,†,,,,,
Black-faced Bunting,,Emberiza spodocephala,AE,†,,,,,
Pallas's Reed Bunting,,Emberiza pallasi,A,†,,,,,
Reed Bunting,Common Reed Bunting,Emberiza schoeniclus,A,,,,,,
Lark Sparrow,,Chondestes grammacus,A,†,,,,,
Dark-eyed Junco,,Junco hyemalis,AE,†,,,,,
White-crowned Sparrow,,Zonotrichia leucophrys,AE,†,,,,,
White-throated Sparrow,,Zonotrichia albicollis,AE,†,,,,,
Savannah Sparrow,,Passerculus sandwichensis,A,†,,,,,
Song Sparrow,,Melospiza melodia,AE,†,,,,,
Eastern Towhee,,Pipilo erythrophthalmus,A,†,,,,,
Bobolink,,Dolichonyx oryzivorus,A,†,,,,,
Baltimore Oriole,,Icterus galbula,AE,†,,,,,
Red-winged Blackbird,,Agelaius phoeniceus,A,†,,,,,
Brown-headed Cowbird,,Molothrus ater,A,†,,,,,
Ovenbird,,Seiurus aurocapilla,A,†,,,,,
Northern Waterthrush,,Parkesia noveboracensis,A,†,,,,,
Golden-winged Warbler,,Vermivora chrysoptera,A,†,,,,,
Black-and-white Warbler,,Mniotilta varia,A,†,,,,,
Tennessee Warbler,,Leiothlypis peregrina,A,†,,,,,
Common Yellowthroat,,Geothlypis trichas,A,†,,,,,
Hooded Warbler,,Setophaga citrina,A,†,,,,,
American Redstart,,Setophaga ruticilla,AE,†,,,,,
Cape May Warbler,,Setophaga tigrina,A,†,,,,,
Northern Parula,,Setophaga americana,AE,†,,,,,
Magnolia Warbler,,Setophaga magnolia,AE,†,,,,,
Bay-breasted Warbler,,Setophaga castanea,A,†,,,,,
Blackburnian Warbler,,Setophaga fusca,A,†,,,,,
Yellow Warbler,American Yellow Warbler,Setophaga aestiva,A,†,,,,,
Chestnut-sided Warbler,,Setophaga pensylvanica,A,†,,,,,
Blackpoll Warbler,,Setophaga striata,AE,†,,,,,
Yellow-rumped Warbler,Myrtle Warbler,Setophaga coronata,A,†,,,,,
Wilson's Warbler,,Cardellina pusilla,A,†,,,,,
Summer Tanager,,Piranga rubra,A,†,,,,,
Scarlet Tanager,,Piranga olivacea,A,†,,,,,
Rose-breasted Grosbeak,,Pheucticus ludovicianus,A,†,,,,,
Indigo Bunting,,Passerina cyanea,AE,†,,,,,
